{
  "bids_meta": {
    "dataset": "<unset>",
    "modality": "T1w",
    "run_id": 1,
    "session_id": "01",
    "subject_id": "502"
  },
  "cjv": 0.5646899585551916,
  "cnr": 1.7835199439922127,
  "efc": 0.667152626886283,
  "fber": -1.0,
  "fwhm_avg": 3.7173398530948334,
  "fwhm_x": 3.94619,
  "fwhm_y": 3.6969895592845012,
  "fwhm_z": 3.50884,
  "icvs_csf": 0.26451712285132795,
  "icvs_gm": 0.3880242553335276,
  "icvs_wm": 0.3474586218151445,
  "inu_med": 0.700463742017746,
  "inu_range": 0.41330870389938346,
  "provenance": {
    "md5sum": "6344d34a4d10ad6f805b20b8d53d5ab0",
    "settings": {
      "testing": false
    },
    "software": "mriqc",
    "version": "23.1.0",
    "warnings": {
      "large_rot_frame": true,
      "small_air_mask": false
    }
  },
  "qi_1": 0.0,
  "qi_2": 0.000951048742173228,
  "rpve_csf": 7.118326030438143,
  "rpve_gm": 7.038319687922323,
  "rpve_wm": 7.153041083929804,
  "size_x": 256,
  "size_y": 256,
  "size_z": 150,
  "snr_csf": 2.1198851202716185,
  "snr_gm": 5.330405887144778,
  "snr_total": 5.125797734863924,
  "snr_wm": 7.927102197175377,
  "snrd_csf": 4.426957761695404,
  "snrd_gm": 6.748718317032812,
  "snrd_total": 7.114917427038307,
  "snrd_wm": 10.169076202386705,
  "spacing_x": 1.0,
  "spacing_y": 1.0000001192092896,
  "spacing_z": 1.0,
  "summary_bg_k": 496.8306285146653,
  "summary_bg_mad": 0.0,
  "summary_bg_mean": 5.024721394004506,
  "summary_bg_median": 0.0,
  "summary_bg_n": 3968769.0,
  "summary_bg_p05": 0.0,
  "summary_bg_p95": 9.714178785681725,
  "summary_bg_stdv": 60.75163687442568,
  "summary_csf_k": -0.5369139803535692,
  "summary_csf_mad": 143.74566358960604,
  "summary_csf_mean": 405.76033564429474,
  "summary_csf_median": 410.5174592602998,
  "summary_csf_n": 358884.66457508877,
  "summary_csf_p05": 88.73528698459268,
  "summary_csf_p95": 702.6589321643114,
  "summary_csf_stdv": 193.65053483285996,
  "summary_gm_k": -0.6065166972547047,
  "summary_gm_mad": 88.26002208841578,
  "summary_gm_mean": 631.4308681331896,
  "summary_gm_median": 625.8172871544957,
  "summary_gm_n": 526453.4606352895,
  "summary_gm_p05": 445.20205915533006,
  "summary_gm_p95": 836.6959182936698,
  "summary_gm_stdv": 117.40507309068745,
  "summary_wm_k": 0.0832276483605261,
  "summary_wm_mad": 90.84504365585892,
  "summary_wm_mean": 915.7385624175922,
  "summary_wm_median": 942.9914515446872,
  "summary_wm_n": 471415.87508471846,
  "summary_wm_p05": 682.2031133752316,
  "summary_wm_p95": 1065.882040221244,
  "summary_wm_stdv": 118.95777648871272,
  "tpm_overlap_csf": 0.2174399389629245,
  "tpm_overlap_gm": 0.5438547924915202,
  "tpm_overlap_wm": 0.5475839811309088,
  "wm2max": 0.5018907653731439
}