{
  "bids_meta": {
    "dataset": "<unset>",
    "modality": "T1w",
    "run_id": 1,
    "session_id": "01",
    "subject_id": "404"
  },
  "cjv": 0.4813399141641482,
  "cnr": 1.9956827397589618,
  "efc": 0.6811428347655544,
  "fber": -1.0,
  "fwhm_avg": 3.449436739040419,
  "fwhm_x": 3.49965,
  "fwhm_y": 3.6426902171212565,
  "fwhm_z": 3.20597,
  "icvs_csf": 0.2760480011237109,
  "icvs_gm": 0.3829680148012425,
  "icvs_wm": 0.3409839840750465,
  "inu_med": 0.710225522518158,
  "inu_range": 0.18604958951473227,
  "provenance": {
    "md5sum": "2e3c571e10de1c55b54122cbc6250a20",
    "settings": {
      "testing": false
    },
    "software": "mriqc",
    "version": "23.1.0",
    "warnings": {
      "large_rot_frame": true,
      "small_air_mask": false
    }
  },
  "qi_1": 0.0,
  "qi_2": 0.0023006796654858734,
  "rpve_csf": 8.945354717756391,
  "rpve_gm": 8.879385427711812,
  "rpve_wm": 9.008269902624082,
  "size_x": 256,
  "size_y": 200,
  "size_z": 256,
  "snr_csf": 1.7987809294769583,
  "snr_gm": 3.87205219006306,
  "snr_total": 4.93522933993603,
  "snr_wm": 9.134854900268072,
  "snrd_csf": 10.03135624293901,
  "snrd_gm": 16.987530412590925,
  "snrd_total": 18.243754485878927,
  "snrd_wm": 27.712376802106853,
  "spacing_x": 1.0,
  "spacing_y": 0.9999999403953552,
  "spacing_z": 1.0,
  "summary_bg_k": 454.22332210158487,
  "summary_bg_mad": 0.0,
  "summary_bg_mean": 2.0914592395646587,
  "summary_bg_median": 0.0,
  "summary_bg_n": 5163233.0,
  "summary_bg_p05": 0.0,
  "summary_bg_p95": 5.117372393608093,
  "summary_bg_stdv": 22.906968514196112,
  "summary_csf_k": 0.627789200049417,
  "summary_csf_mad": 152.6227657926865,
  "summary_csf_mean": 350.3076774064095,
  "summary_csf_median": 350.7482741177082,
  "summary_csf_n": 398474.7377442982,
  "summary_csf_p05": 52.48281919956207,
  "summary_csf_p95": 656.0054878294468,
  "summary_csf_stdv": 194.991968313705,
  "summary_gm_k": 5.029441415956796,
  "summary_gm_mad": 104.67451538325003,
  "summary_gm_mean": 600.9466638941584,
  "summary_gm_median": 593.9722236394882,
  "summary_gm_n": 552813.5637323109,
  "summary_gm_p05": 356.69870713353157,
  "summary_gm_p95": 874.8029098212719,
  "summary_gm_stdv": 153.3997108657369,
  "summary_wm_k": 3.7335270036601136,
  "summary_wm_mad": 75.82616601087517,
  "summary_wm_mean": 944.8462055438141,
  "summary_wm_median": 968.9685122966766,
  "summary_wm_n": 492209.6993139189,
  "summary_wm_p05": 734.6999644637108,
  "summary_wm_p95": 1074.4399375021458,
  "summary_wm_stdv": 106.07366384803461,
  "tpm_overlap_csf": 0.21091240250487295,
  "tpm_overlap_gm": 0.5289306779229577,
  "tpm_overlap_wm": 0.528173767163595,
  "wm2max": 0.6231869577807605
}