{
  "aor": 0.0013084444444444443,
  "aqi": 0.005346267222222222,
  "bids_meta": {
    "dataset": "<unset>",
    "modality": "bold",
    "subject_id": "50197",
    "task_id": "rest"
  },
  "dummy_trs": 0,
  "dvars_nstd": 22.657092930502788,
  "dvars_std": 1.084156442346368,
  "dvars_vstd": 0.9845616981005592,
  "efc": 0.48143813625962145,
  "fber": 10038.3486328125,
  "fd_mean": 0.11791248261201907,
  "fd_num": 28,
  "fd_perc": 15.555555555555555,
  "fwhm_avg": 2.861236722565095,
  "fwhm_x": 2.659109818181818,
  "fwhm_y": 3.1332945454545453,
  "fwhm_z": 2.7913058040589216,
  "gcor": 0.0313192,
  "gsr_x": -0.011392613872885704,
  "gsr_y": 0.026978224515914917,
  "provenance": {
    "md5sum": "711a279bd3c1d814f01c32f082c755eb",
    "settings": {
      "fd_thres": 0.2,
      "testing": false
    },
    "software": "mriqc",
    "version": "23.1.0"
  },
  "size_t": 180,
  "size_x": 64,
  "size_y": 64,
  "size_z": 42,
  "snr": 4.308942380824783,
  "spacing_tr": 2.0,
  "spacing_x": 3.4375,
  "spacing_y": 3.4375,
  "spacing_z": 3.4000000953674316,
  "summary_bg_k": 18.427746222375532,
  "summary_bg_mad": 71.10313269192417,
  "summary_bg_mean": 186.00503434599023,
  "summary_bg_median": 51.34722328186035,
  "summary_bg_n": 131292.0,
  "summary_bg_p05": 0.6833333373069763,
  "summary_bg_p95": 928.1111450195312,
  "summary_bg_stdv": 399.30576930627643,
  "summary_fg_k": 0.3325761158742635,
  "summary_fg_mad": 1080.7098761146372,
  "summary_fg_mean": 5151.605571530717,
  "summary_fg_median": 5144.558349609375,
  "summary_fg_n": 40740.0,
  "summary_fg_p05": 3120.25,
  "summary_fg_p95": 7185.7890625,
  "summary_fg_stdv": 1193.9113489207664,
  "tsnr": 58.682371468283236
}