{
  "bids_meta": {
    "dataset": "<unset>",
    "modality": "T1w",
    "subject_id": "50197"
  },
  "cjv": 0.9089250877103829,
  "cnr": 0.9472444170035004,
  "efc": 0.6765849136995841,
  "fber": 1914.337091437475,
  "fwhm_avg": 3.702786666666667,
  "fwhm_x": 3.38865,
  "fwhm_y": 4.05081,
  "fwhm_z": 3.6689,
  "icvs_csf": 0.2551838173915759,
  "icvs_gm": 0.3765228978921606,
  "icvs_wm": 0.3682932847162635,
  "inu_med": 0.879051148891449,
  "inu_range": 0.9973569989204398,
  "provenance": {
    "md5sum": "53e5f1afa745d3bee311d71c5eefb89a",
    "settings": {
      "testing": false
    },
    "software": "mriqc",
    "version": "23.1.0",
    "warnings": {
      "large_rot_frame": true,
      "small_air_mask": false
    }
  },
  "qi_1": 0.0,
  "qi_2": 0.002743221561746363,
  "rpve_csf": 5.690685000561035,
  "rpve_gm": 5.535460850495038,
  "rpve_wm": 5.6716505528300765,
  "size_x": 172,
  "size_y": 256,
  "size_z": 256,
  "snr_csf": 2.2847527593503814,
  "snr_gm": 3.3053159919141835,
  "snr_total": 3.751964089550233,
  "snr_wm": 5.665823517386135,
  "snrd_csf": 7.253699955290667,
  "snrd_gm": 10.309718771692152,
  "snrd_total": 10.569363026142907,
  "snrd_wm": 14.1446703514459,
  "spacing_x": 1.0,
  "spacing_y": 1.0,
  "spacing_z": 1.0,
  "summary_bg_k": 130.08743092549113,
  "summary_bg_mad": 0.0,
  "summary_bg_mean": 15.633944576767224,
  "summary_bg_median": 0.0,
  "summary_bg_n": 2953840.0,
  "summary_bg_p05": 0.0,
  "summary_bg_p95": 90.49488416686654,
  "summary_bg_stdv": 42.129382106776156,
  "summary_csf_k": 0.06971224563099021,
  "summary_csf_mad": 171.6397659144976,
  "summary_csf_mean": 462.7798638553188,
  "summary_csf_median": 466.45843080058694,
  "summary_csf_n": 490668.7200176879,
  "summary_csf_p05": 127.9766157977283,
  "summary_csf_p95": 800.0114554055035,
  "summary_csf_stdv": 204.16123957485863,
  "summary_gm_k": 1.053476293347627,
  "summary_gm_mad": 111.56584784442343,
  "summary_gm_mean": 669.0200562560728,
  "summary_gm_median": 662.979620039463,
  "summary_gm_n": 723980.1107082111,
  "summary_gm_p05": 341.1181447505951,
  "summary_gm_p95": 1004.6135684363544,
  "summary_gm_stdv": 200.57966130612726,
  "summary_wm_k": 0.6366295660146548,
  "summary_wm_mad": 112.58549001817292,
  "summary_wm_mean": 901.1150111516595,
  "summary_wm_median": 909.5910744853318,
  "summary_wm_n": 708156.1693449472,
  "summary_wm_p05": 624.6382156647742,
  "summary_wm_p95": 1152.6492149233818,
  "summary_wm_stdv": 160.5398455262541,
  "tpm_overlap_csf": 0.23518949600203165,
  "tpm_overlap_gm": 0.5175712955890341,
  "tpm_overlap_wm": 0.5274460992051624,
  "wm2max": 0.34497674216406554
}