{
  "bids_meta": {
    "EchoTime": 0.03,
    "FlipAngle": 8,
    "MagneticFieldStrength": 3.0,
    "Manufacturer": "Siemens",
    "ManufacturersModelName": "MAGNETOM Trio",
    "ReceiveCoilName": "Siemens 12 channel Head Matrix Coil (Erlangen, Germany)",
    "RepetitionTime": 2.4,
    "dataset": "<unset>",
    "modality": "T1w",
    "run_id": 1,
    "session_id": "01",
    "subject_id": "604"
  },
  "cjv": 0.6191105675601742,
  "cnr": 1.5998149384692946,
  "efc": 0.5102425121589163,
  "fber": -1.0,
  "fwhm_avg": 3.7595500000000004,
  "fwhm_x": 3.86116,
  "fwhm_y": 3.95129,
  "fwhm_z": 3.4662,
  "icvs_csf": 0.2674041960028555,
  "icvs_gm": 0.3817085445554782,
  "icvs_wm": 0.35088725944166627,
  "inu_med": 0.5582971274852753,
  "inu_range": 0.22967204004526132,
  "provenance": {
    "md5sum": "5e7343722b01e7b3d063188d0dcce59b",
    "settings": {
      "testing": false
    },
    "software": "mriqc",
    "version": "23.1.0",
    "warnings": {
      "large_rot_frame": true,
      "small_air_mask": false
    }
  },
  "qi_1": 0.0,
  "qi_2": 0.003386583160485263,
  "rpve_csf": 12.497666404331031,
  "rpve_gm": 12.39531672847955,
  "rpve_wm": 12.487593203545599,
  "size_x": 256,
  "size_y": 256,
  "size_z": 256,
  "snr_csf": 2.232426654247623,
  "snr_gm": 6.249537493337039,
  "snr_total": 6.343813551584067,
  "snr_wm": 10.54947650716754,
  "snrd_csf": 41.976623548261884,
  "snrd_gm": 67.1379963765548,
  "snrd_total": 66.04402364488988,
  "snrd_wm": 89.01745100985296,
  "spacing_x": 1.0,
  "spacing_y": 1.0,
  "spacing_z": 1.0,
  "summary_bg_k": 35.47386937278231,
  "summary_bg_mad": 0.0,
  "summary_bg_mean": 2.6744697054235758,
  "summary_bg_median": 0.0,
  "summary_bg_n": 7282181.0,
  "summary_bg_p05": 0.0,
  "summary_bg_p95": 16.441704392433167,
  "summary_bg_stdv": 6.952270218010788,
  "summary_csf_k": -0.41149095237735933,
  "summary_csf_mad": 145.14727806423542,
  "summary_csf_mean": 447.2158297013158,
  "summary_csf_median": 445.45354180783033,
  "summary_csf_n": 355985.579729907,
  "summary_csf_p05": 115.59184743463993,
  "summary_csf_p95": 758.9846243858337,
  "summary_csf_stdv": 199.53753701045025,
  "summary_gm_k": -0.540838298910701,
  "summary_gm_mad": 78.07070615880576,
  "summary_gm_mean": 717.387862591276,
  "summary_gm_median": 712.464599289,
  "summary_gm_n": 508154.8440623195,
  "summary_gm_p05": 534.1887538582087,
  "summary_gm_p95": 931.7336131036282,
  "summary_gm_stdv": 114.00266003960265,
  "summary_wm_k": -0.3121710518720322,
  "summary_wm_mad": 65.67656979076752,
  "summary_wm_mean": 925.4910417330562,
  "summary_wm_median": 944.6481275334954,
  "summary_wm_n": 467123.57674015703,
  "summary_wm_p05": 749.7639388144016,
  "summary_wm_p95": 1043.631631679833,
  "summary_wm_stdv": 89.54445424454381,
  "tpm_overlap_csf": 0.20841317752064223,
  "tpm_overlap_gm": 0.5339339774663618,
  "tpm_overlap_wm": 0.5579572349535731,
  "wm2max": 0.6699245052221081
}