{
  "aor": 0.0018717886178861785,
  "aqi": 0.0037139952032520327,
  "bids_meta": {
    "RepetitionTime": 2.5,
    "TaskName": "Resting State",
    "dataset": "<unset>",
    "modality": "bold",
    "run_id": 1,
    "session_id": "01",
    "subject_id": "401",
    "task_id": "rest"
  },
  "dummy_trs": 0,
  "dvars_nstd": 22.09946663663935,
  "dvars_std": 1.0901477762295084,
  "dvars_vstd": 0.9888018127049178,
  "efc": 0.36343525550044803,
  "fber": 19411.7578125,
  "fd_mean": 0.08947825892070728,
  "fd_num": 4,
  "fd_perc": 3.252032520325203,
  "fwhm_avg": 2.499442793982404,
  "fwhm_x": 2.474814346873011,
  "fwhm_y": 2.683940701740867,
  "fwhm_z": 2.3395733333333335,
  "gcor": 0.0152366,
  "gsr_x": -0.016056042164564133,
  "gsr_y": 0.015719719231128693,
  "provenance": {
    "md5sum": "09fae8c092b23dfac50077baed6d8c41",
    "settings": {
      "fd_thres": 0.2,
      "testing": false
    },
    "software": "mriqc",
    "version": "23.1.0"
  },
  "size_t": 123,
  "size_x": 96,
  "size_y": 96,
  "size_z": 47,
  "snr": 2.8291749880499424,
  "spacing_tr": 2.5,
  "spacing_x": 2.6670000553131104,
  "spacing_y": 2.6670000553131104,
  "spacing_z": 3.0,
  "summary_bg_k": 140.16131259297194,
  "summary_bg_mad": 4.568343306296151,
  "summary_bg_mean": 22.216620500398697,
  "summary_bg_median": 5.609755992889404,
  "summary_bg_n": 374569.0,
  "summary_bg_p05": 0.4390243887901306,
  "summary_bg_p95": 99.33332824707031,
  "summary_bg_stdv": 58.8537764911846,
  "summary_fg_k": 1.1734886169119552,
  "summary_fg_mad": 274.8599184791337,
  "summary_fg_mean": 806.9564240013831,
  "summary_fg_median": 781.5853271484375,
  "summary_fg_n": 58583.0,
  "summary_fg_p05": 422.0243835449219,
  "summary_fg_p95": 1285.6990966796875,
  "summary_fg_stdv": 276.2567390385072,
  "tsnr": 61.53047438710928
}