{
  "bids_meta": {
    "EchoTime": 0.00248,
    "FlipAngle": 8,
    "InversionTime": 0.9,
    "MagneticFieldStrength": 3,
    "Manufacturer": "Siemens",
    "ManufacturersModelName": "Verio",
    "PhaseEncodingDirection": "i-",
    "RepetitionTime": 2.5,
    "SoftwareVersions": "syngo_MR_B17",
    "dataset": "<unset>",
    "modality": "T1w",
    "run_id": 1,
    "session_id": "01",
    "subject_id": "706"
  },
  "cjv": 0.8596681100024991,
  "cnr": 0.9519997963902497,
  "efc": 0.4698338418979119,
  "fber": -1.0,
  "fwhm_avg": 3.981728704828152,
  "fwhm_x": 4.019526114484457,
  "fwhm_y": 3.97842,
  "fwhm_z": 3.94724,
  "icvs_csf": 0.26481803536539894,
  "icvs_gm": 0.3597401017188028,
  "icvs_wm": 0.37544186291579834,
  "inu_med": 0.6859351694583893,
  "inu_range": 0.25981034338474274,
  "provenance": {
    "md5sum": "266a9379778e6ca000e4b70b26ce91ee",
    "settings": {
      "testing": false
    },
    "software": "mriqc",
    "version": "23.1.0",
    "warnings": {
      "large_rot_frame": true,
      "small_air_mask": false
    }
  },
  "qi_1": 0.0,
  "qi_2": 0.0027463099557621324,
  "rpve_csf": 7.774043692760588,
  "rpve_gm": 7.615992126139683,
  "rpve_wm": 7.70971528759743,
  "size_x": 192,
  "size_y": 256,
  "size_z": 256,
  "snr_csf": 1.838500703100133,
  "snr_gm": 3.8760907099261135,
  "snr_total": 4.829055962866231,
  "snr_wm": 8.772576475572444,
  "snrd_csf": 35.924115282118315,
  "snrd_gm": 75.85100690645606,
  "snrd_total": 69.68254363146652,
  "snrd_wm": 97.27250870582515,
  "spacing_x": 0.9999935030937195,
  "spacing_y": 1.0,
  "spacing_z": 1.0,
  "summary_bg_k": 123.2901782504223,
  "summary_bg_mad": 0.0,
  "summary_bg_mean": 3.2206207151413913,
  "summary_bg_median": 0.0,
  "summary_bg_n": 4217363.0,
  "summary_bg_p05": 0.0,
  "summary_bg_p95": 16.4034291356802,
  "summary_bg_stdv": 6.2169581787290324,
  "summary_csf_k": 0.7663621915483283,
  "summary_csf_mad": 155.20780792824215,
  "summary_csf_mean": 375.43947104982954,
  "summary_csf_median": 340.90415723621845,
  "summary_csf_n": 423053.69686062186,
  "summary_csf_p05": 129.22595366835594,
  "summary_csf_p95": 713.5274121910334,
  "summary_csf_stdv": 185.4248702501382,
  "summary_gm_k": 21.643349062589095,
  "summary_gm_mad": 79.47465476624869,
  "summary_gm_mean": 715.4772124025264,
  "summary_gm_median": 719.7929129749537,
  "summary_gm_n": 574694.165868133,
  "summary_gm_p05": 384.6321314573288,
  "summary_gm_p95": 1009.8333867639303,
  "summary_gm_stdv": 185.70057839240644,
  "summary_wm_k": 0.27539632236476974,
  "summary_wm_mad": 95.2792736118095,
  "summary_wm_mean": 908.819689176949,
  "summary_wm_median": 923.0736050754786,
  "summary_wm_n": 599778.1376317856,
  "summary_wm_p05": 724.4920385628939,
  "summary_wm_p95": 1057.8688927739859,
  "summary_wm_stdv": 105.22254643580936,
  "tpm_overlap_csf": 0.223488224743,
  "tpm_overlap_gm": 0.503768061174689,
  "tpm_overlap_wm": 0.5402489091856273,
  "wm2max": 0.361149413547146
}