{
  "aor": 0.001864375,
  "aqi": 0.003477051916666667,
  "bids_meta": {
    "EchoTime": 0.027,
    "FlipAngle": 90,
    "MagneticFieldStrength": 3.0,
    "Manufacturer": "Siemens",
    "ManufacturersModelName": "MAGNETOM Trio",
    "ReceiveCoilName": "Siemens 12 channel Head Matrix Coil (Erlangen, Germany)",
    "RepetitionTime": 2.5,
    "TaskName": "rest",
    "dataset": "<unset>",
    "modality": "bold",
    "run_id": 1,
    "session_id": "01",
    "subject_id": "604",
    "task_id": "rest"
  },
  "dummy_trs": 0,
  "dvars_nstd": 12.172734839163182,
  "dvars_std": 1.2088322143514643,
  "dvars_vstd": 0.9959754692050209,
  "efc": 0.37431677074933745,
  "fber": 51612.91015625,
  "fd_mean": 0.08050085149313976,
  "fd_num": 15,
  "fd_perc": 6.25,
  "fwhm_avg": 1.7499517697724387,
  "fwhm_x": 1.6164325,
  "fwhm_y": 1.903595,
  "fwhm_z": 1.7298278093173163,
  "gcor": 0.0467171,
  "gsr_x": -0.027663489803671837,
  "gsr_y": 0.013703202828764915,
  "provenance": {
    "md5sum": "375bd7217c1bc1abd575e0323c0800ef",
    "settings": {
      "fd_thres": 0.2,
      "testing": false
    },
    "software": "mriqc",
    "version": "23.1.0"
  },
  "size_t": 240,
  "size_x": 64,
  "size_y": 64,
  "size_z": 32,
  "snr": 5.847315186104853,
  "spacing_tr": 2.5,
  "spacing_x": 4.0,
  "spacing_y": 4.0,
  "spacing_z": 3.9999992847442627,
  "summary_bg_k": 27.813764846287047,
  "summary_bg_mad": 3.057867429147718,
  "summary_bg_mean": 27.527308079746337,
  "summary_bg_median": 4.262500286102295,
  "summary_bg_n": 113439.0,
  "summary_bg_p05": 1.6416667699813843,
  "summary_bg_p95": 148.64584350585938,
  "summary_bg_stdv": 71.10855652711433,
  "summary_fg_k": 1.4780442674931669,
  "summary_fg_mad": 132.8350596942685,
  "summary_fg_mean": 949.3115184110907,
  "summary_fg_median": 968.3750610351562,
  "summary_fg_n": 17633.0,
  "summary_fg_p05": 613.0625610351562,
  "summary_fg_p95": 1179.0916748046875,
  "summary_fg_stdv": 165.6055079393945,
  "tsnr": 118.52332703769207
}