{
  "aor": 0.0012186178861788618,
  "aqi": 0.0032936376422764225,
  "bids_meta": {
    "RepetitionTime": 2.5,
    "TaskName": "Resting State",
    "dataset": "<unset>",
    "modality": "bold",
    "run_id": 1,
    "session_id": "01",
    "subject_id": "404",
    "task_id": "rest"
  },
  "dummy_trs": 0,
  "dvars_nstd": 22.825407200409845,
  "dvars_std": 1.0511597668852453,
  "dvars_vstd": 0.9835365624590167,
  "efc": 0.3954977265951441,
  "fber": 10096.5869140625,
  "fd_mean": 0.0687033283702381,
  "fd_num": 4,
  "fd_perc": 3.252032520325203,
  "fwhm_avg": 2.5868899949335433,
  "fwhm_x": 2.441934707509935,
  "fwhm_y": 2.8106486106240283,
  "fwhm_z": 2.508086666666667,
  "gcor": 0.00595287,
  "gsr_x": -0.017365634441375732,
  "gsr_y": 0.020437119528651237,
  "provenance": {
    "md5sum": "c0aba25dfcbcccc68ae80c7f2200bb03",
    "settings": {
      "fd_thres": 0.2,
      "testing": false
    },
    "software": "mriqc",
    "version": "23.1.0"
  },
  "size_t": 123,
  "size_x": 96,
  "size_y": 96,
  "size_z": 47,
  "snr": 2.886825589574742,
  "spacing_tr": 2.5,
  "spacing_x": 2.6670000553131104,
  "spacing_y": 2.6670000553131104,
  "spacing_z": 3.0,
  "summary_bg_k": 112.53019091150948,
  "summary_bg_mad": 5.074597239569401,
  "summary_bg_mean": 28.24543638223409,
  "summary_bg_median": 6.02439022064209,
  "summary_bg_n": 374080.0,
  "summary_bg_p05": 0.707317054271698,
  "summary_bg_p95": 153.2682876586914,
  "summary_bg_stdv": 72.09594692932659,
  "summary_fg_k": 0.3019429772303508,
  "summary_fg_mad": 203.70711514313072,
  "summary_fg_mean": 628.9676850914334,
  "summary_fg_median": 605.3414306640625,
  "summary_fg_n": 59072.0,
  "summary_fg_p05": 331.9755859375,
  "summary_fg_p95": 1008.13818359375,
  "summary_fg_stdv": 209.689254892655,
  "tsnr": 57.34207557281479
}