{
  "bids_meta": {
    "EchoTime": 0.00248,
    "FlipAngle": 8,
    "InversionTime": 0.9,
    "MagneticFieldStrength": 3,
    "Manufacturer": "Siemens",
    "ManufacturersModelName": "Verio",
    "PhaseEncodingDirection": "i-",
    "RepetitionTime": 2.5,
    "SoftwareVersions": "syngo_MR_B17",
    "dataset": "<unset>",
    "modality": "T1w",
    "run_id": 1,
    "session_id": "01",
    "subject_id": "708"
  },
  "cjv": 0.8023203329287824,
  "cnr": 1.0779590345929964,
  "efc": 0.43707947942354247,
  "fber": -1.0,
  "fwhm_avg": 3.976988164823187,
  "fwhm_x": 3.9551942434630623,
  "fwhm_y": 4.211190251006499,
  "fwhm_z": 3.76458,
  "icvs_csf": 0.2603280523929557,
  "icvs_gm": 0.36593730436157895,
  "icvs_wm": 0.3737346432454653,
  "inu_med": 0.7118147015571594,
  "inu_range": 0.23265467882156365,
  "provenance": {
    "md5sum": "0c85be0f2ea71f63f25d62e8e64b0478",
    "settings": {
      "testing": false
    },
    "software": "mriqc",
    "version": "23.1.0",
    "warnings": {
      "large_rot_frame": true,
      "small_air_mask": false
    }
  },
  "qi_1": 0.0,
  "qi_2": 0.0020260843554596054,
  "rpve_csf": 9.569001923137334,
  "rpve_gm": 9.424568155443872,
  "rpve_wm": 9.528009259786833,
  "size_x": 192,
  "size_y": 256,
  "size_z": 256,
  "snr_csf": 2.094799246145681,
  "snr_gm": 4.159292330672605,
  "snr_total": 5.265384308058378,
  "snr_wm": 9.54206134735685,
  "snrd_csf": 16.23491763220555,
  "snrd_gm": 29.382352683128502,
  "snrd_total": 27.926228408280057,
  "snrd_wm": 38.16141490950612,
  "spacing_x": 0.999998927116394,
  "spacing_y": 0.9999999403953552,
  "spacing_z": 1.0,
  "summary_bg_k": 3647.904247036704,
  "summary_bg_mad": 0.0,
  "summary_bg_mean": 3.032945588911547,
  "summary_bg_median": 0.0,
  "summary_bg_n": 3922854.0,
  "summary_bg_p05": 0.0,
  "summary_bg_p95": 15.127324406057596,
  "summary_bg_stdv": 16.06635856417715,
  "summary_csf_k": -0.6305221269031605,
  "summary_csf_mad": 154.27252484619035,
  "summary_csf_mean": 416.19205929599383,
  "summary_csf_median": 398.1400025077164,
  "summary_csf_n": 338273.9160159567,
  "summary_csf_p05": 147.48143451288342,
  "summary_csf_p95": 740.6801029108465,
  "summary_csf_stdv": 190.06089235149756,
  "summary_gm_k": 10.260706164819238,
  "summary_gm_mad": 86.69322934394663,
  "summary_gm_mean": 721.0213387527873,
  "summary_gm_median": 720.5635554157197,
  "summary_gm_n": 475504.05661185656,
  "summary_gm_p05": 425.7603415288031,
  "summary_gm_p95": 1005.2685817703605,
  "summary_gm_stdv": 173.2416816239694,
  "summary_wm_k": -0.4980951459612588,
  "summary_wm_mad": 86.04229042054499,
  "summary_wm_mean": 922.3897503938729,
  "summary_wm_median": 935.8585101552308,
  "summary_wm_n": 485636.02792463044,
  "summary_wm_p05": 745.8289811387658,
  "summary_wm_p95": 1062.465035263449,
  "summary_wm_stdv": 98.0770834045164,
  "tpm_overlap_csf": 0.23499410755961309,
  "tpm_overlap_gm": 0.5136157594995753,
  "tpm_overlap_wm": 0.5396133761050275,
  "wm2max": 0.4043841192094098
}