{
  "bids_meta": {
    "dataset": "<unset>",
    "modality": "T1w",
    "run_id": 1,
    "session_id": "01",
    "subject_id": "401"
  },
  "cjv": 0.4808083605104795,
  "cnr": 1.923054458793532,
  "efc": 0.6139719580509527,
  "fber": -1.0,
  "fwhm_avg": 3.628750898442144,
  "fwhm_x": 3.65725,
  "fwhm_y": 3.8297526953264325,
  "fwhm_z": 3.39925,
  "icvs_csf": 0.28046211472393084,
  "icvs_gm": 0.3805816205590143,
  "icvs_wm": 0.3389562647170549,
  "inu_med": 0.6954299807548523,
  "inu_range": 0.19671953320503233,
  "provenance": {
    "md5sum": "aa63b64adc173f8f4655994b12c0d5c5",
    "settings": {
      "testing": false
    },
    "software": "mriqc",
    "version": "23.1.0",
    "warnings": {
      "large_rot_frame": true,
      "small_air_mask": false
    }
  },
  "qi_1": 0.0,
  "qi_2": 0.001777307349720463,
  "rpve_csf": 9.003598667941679,
  "rpve_gm": 8.9318193045538,
  "rpve_wm": 9.062902641807748,
  "size_x": 256,
  "size_y": 200,
  "size_z": 256,
  "snr_csf": 1.552001130542423,
  "snr_gm": 3.2750393835816034,
  "snr_total": 4.519731329910724,
  "snr_wm": 8.732153475608145,
  "snrd_csf": 31.12923044476803,
  "snrd_gm": 60.01240431003878,
  "snrd_total": 64.312705474641,
  "snrd_wm": 101.7964816691162,
  "spacing_x": 1.0,
  "spacing_y": 1.0000019073486328,
  "spacing_z": 1.0,
  "summary_bg_k": 63.83196492509542,
  "summary_bg_mad": 0.0,
  "summary_bg_mean": 1.5152084673200064,
  "summary_bg_median": 0.0,
  "summary_bg_n": 5392124.0,
  "summary_bg_p05": 0.0,
  "summary_bg_p95": 11.12966064363718,
  "summary_bg_stdv": 6.202203106613763,
  "summary_csf_k": -0.3457116893213965,
  "summary_csf_mad": 166.13760179523138,
  "summary_csf_mean": 307.974367481705,
  "summary_csf_median": 294.7016984112561,
  "summary_csf_n": 402232.87540878373,
  "summary_csf_p05": 39.10025515593588,
  "summary_csf_p95": 618.0769172701985,
  "summary_csf_stdv": 189.8847405967049,
  "summary_gm_k": 2.318056375109129,
  "summary_gm_mad": 110.16494923013644,
  "summary_gm_mean": 573.8183431880478,
  "summary_gm_median": 568.1398872770369,
  "summary_gm_n": 545822.1682307133,
  "summary_gm_p05": 278.68084480054677,
  "summary_gm_p95": 883.4314578790218,
  "summary_gm_stdv": 173.47558312759816,
  "summary_wm_k": 1.1016641889012284,
  "summary_wm_mad": 80.0291688731342,
  "summary_wm_mean": 934.4658610478798,
  "summary_wm_median": 963.7114574164152,
  "summary_wm_n": 486123.956988507,
  "summary_wm_p05": 713.557690160349,
  "summary_wm_p95": 1067.012281337753,
  "summary_wm_stdv": 110.3634365667069,
  "tpm_overlap_csf": 0.20729739733481106,
  "tpm_overlap_gm": 0.5302433029839038,
  "tpm_overlap_wm": 0.5344518241346679,
  "wm2max": 0.6070176733202967
}